Crime ID,Month,Reported by,Falls within,Longitude,Latitude,Location,LSOA code,LSOA name,Outcome type
07bb0d5210efab52af2e0e8c540da1b536249d014215e972fd41099c43ba64bc,2012-01,Merseyside Police,Merseyside Police,-2.988735,53.405247,On or near LORD STREET,E01033756,Liverpool 061C,Offender sent to prison
936d5f6551b1bf184913ee51ee8716d0e66699e2111ab0f8fb8729ddec396243,2012-01,Merseyside Police,Merseyside Police,-2.972611,53.400031,On or near MOUNT STREET,E01006514,Liverpool 037A,Offender given community sentence
a25e0f520942f9d146a3b250b93b6b4cf1247d357e4ab24812ecd46691304f4b,2012-01,Merseyside Police,Merseyside Police,-3.011378,53.368652,On or near BROWNING AVENUE,E01007176,Wirral 029C,Offender given conditional discharge
5e065f38a0646c8a8edb124c7b5f8e4f3317484f0bfe7a5a9e02b55981e63178,2012-01,Merseyside Police,Merseyside Police,-3.084595,53.376091,On or near Supermarket,E01007303,Wirral 025D,Offender sent to prison
a93fa8ddf164695bebcb9c6227d3030807a8c638a13fba2ea7e514780d4cb7a6,2012-01,Merseyside Police,Merseyside Police,-2.985188,53.407335,On or near Theatre/Concert Hall,E01033760,Liverpool 060C,Offender given community sentence
d5ee7f1354e32d12c551db45f4565f4985c28af7bd5e9717f45dc732b26cde8e,2012-01,Merseyside Police,Merseyside Police,-2.989201,53.405226,On or near LORD STREET,E01033756,Liverpool 061C,Offender fined
15ff559cb88d1a2006bd43b731b34560399b69418d19b6035786ff893f6f35b8,2012-01,Merseyside Police,Merseyside Police,-2.838739,53.412355,On or near CENTRE WAY,E01006481,Knowsley 015E,Offender given conditional discharge
f4fbde3e791eb60cd38d030e689b631e50e1e54917934d6d5ab129eab463251e,2012-01,Merseyside Police,Merseyside Police,-2.969368,53.422135,On or near COCHRANE STREET,E01006646,Liverpool 023C,Offender given conditional discharge
e1515767d22900efdab3091038676c6c8a1f7e50734c4a470d337e04711c739e,2012-01,Merseyside Police,Merseyside Police,-2.980826,53.402122,On or near SLATER PLACE,E01033761,Liverpool 060D,Offender given conditional discharge
672f358859e1e533edb34158c2fb90de8a1941ca94596f0ad67d400a006a74a1,2012-01,Merseyside Police,Merseyside Police,-2.955090,53.409503,On or near LEOPOLD ROAD,E01006748,Liverpool 031C,Offender sent to prison
c315af3aba479b00f0d5a2c9f300a7b27ab94ce541b766806a8550be3cc87e22,2012-01,Merseyside Police,Merseyside Police,-2.933954,53.393724,On or near WELLINGTON FIELDS,E01006557,Liverpool 038B,Offender otherwise dealt with
5b9f4e502104665611c35416b0cedf8f2874c06cfb8b4851443529ee2c9085db,2012-01,Merseyside Police,Merseyside Police,-3.021949,53.390864,On or near Parking Area,E01007128,Wirral 016C,Offender fined
6954823c50b00a0cbc6664728b28310b7f84e890380921653fe507cc8673d472,2012-01,Merseyside Police,Merseyside Police,-2.971635,53.437074,On or near SPRINGFIELD SQUARE,E01006700,Liverpool 012E,Offender given community sentence
8364dcb0b9747f10ecf4952bf9b25935bda0b8da2d0b9ea20c2d2742026ad03d,2012-01,Merseyside Police,Merseyside Police,-2.803138,53.426443,On or near Supermarket,E01006463,Knowsley 007C,Offender fined
9deebfd28b41c64b4ff663e21768073beaa1a62b67c9e79e74a7c8f2e9e3d49f,2012-01,Merseyside Police,Merseyside Police,-2.721341,53.454650,On or near FARNWORTH STREET,E01006873,St. Helens 014D,Offender ordered to pay compensation
04d95f38d3ffd38c77dd1d5aac7ab7674e5e915fa28ed848668a7b238a38421d,2012-01,Merseyside Police,Merseyside Police,-2.968308,53.443681,On or near MANDEVILLE STREET,E01006610,Liverpool 009C,Offender sent to prison
fdeb76cdf7958fb2110dfa85b16af523cce1519ce96b85351dec09f9cd127b69,2012-01,Merseyside Police,Merseyside Police,-2.712376,53.432780,On or near LAKEMOOR CLOSE,E01006847,St. Helens 020C,Offender deprived of property
b29217a9935ea94ef154ee4212b3aabc95e1f04eb7a67c20177c1a66cbf2b722,2012-01,Merseyside Police,Merseyside Police,-2.961637,53.453604,On or near HARPER ROAD,E01006791,Liverpool 006D,Offender fined
c24bd8a7457005cb105fdd88d274a5fd60764a11fcb35f1e01f15b1896b2c35c,2012-01,Merseyside Police,Merseyside Police,-2.958802,53.430049,On or near WYLVA ROAD,E01006542,Liverpool 018A,Offender fined
e24c9852284416d579053b1f679c50d9db8f5e7f7f39df0ba58616ae244ee2ac,2012-01,Merseyside Police,Merseyside Police,-3.033031,53.421259,On or near TRAFALGAR ROAD,E01007219,Wirral 005C,Offender sent to prison
a732a2a369bdb28c087d5632beba7cafc1fec2d57e1921286374f70282a23782,2012-01,Merseyside Police,Merseyside Police,-2.969400,53.442027,On or near Supermarket,E01006611,Liverpool 012A,Offender given conditional discharge
f141c963041ccdd489f6dbc696afc60facb3846de9547a99f2693d7a479f2933,2012-01,Merseyside Police,Merseyside Police,-2.948176,53.377962,On or near Supermarket,E01006628,Liverpool 052D,Offender sent to prison
ed9253e5ad1b91f3219d9886be7216891677e2a73d3c33e3097f2b76224ad0a1,2012-01,Merseyside Police,Merseyside Police,-2.955301,53.426257,On or near BALA STREET,E01006547,Liverpool 019C,Offender given community sentence
8d50402c23e4b42a3390ffa5dd8f1a56afe3bcb3192d35008440d5aa7e5ebdb0,2012-01,Merseyside Police,Merseyside Police,-3.029476,53.371886,On or near BEN NEVIS ROAD,E01007174,Wirral 029B,Offender given suspended prison sentence
1e74d0816fe2be389f4eddc7fc2e6cc6eddb1cdf873093bcefe5da18c7a2d6c9,2012-01,Merseyside Police,Merseyside Police,-2.970741,53.442744,On or near COUNTY ROAD,E01006698,Liverpool 012D,Offender given conditional discharge
7b4695b114c319d49fa28c3ab34acccc7c788702606420ace3de283406967575,2012-01,Merseyside Police,Merseyside Police,-2.928009,53.398328,On or near FAIRBANK STREET,E01006721,Liverpool 038C,Offender given community sentence
3c9e9b2aeb8a4dc7f4f9106759067d7000c5c178c65797d3ae2b674b604be9d9,2012-01,Merseyside Police,Merseyside Police,-3.030984,53.384521,On or near LARCH ROAD,E01007130,Wirral 021A,Offender fined
65687f9961bb14ca1afcff7684a104abd4015012579a8ad49ebfa0108fba2037,2012-01,Merseyside Police,Merseyside Police,-2.859356,53.390995,On or near Shopping Area,E01006771,Liverpool 040D,Offender sent to prison
8af894d846e5f2d8f4a919f3366a8d4fe4e3262341eab9311057f40f8baf6fbe,2012-01,Merseyside Police,Merseyside Police,-2.848791,53.348238,On or near WOODEND AVENUE,E01006755,Liverpool 059C,Offender fined
68bd590a4754bb357cd423745d72de9e0e998038b2217341755f2a75c9b7ea8e,2012-01,Merseyside Police,Merseyside Police,-2.951158,53.428088,On or near ARGYLE ROAD,E01006547,Liverpool 019C,Offender given community sentence
dca5abe88364d032440aba88fd1182cbffd959406be04aa35d22634faaf50cb8,2012-01,Merseyside Police,Merseyside Police,-2.930071,53.441126,On or near BRIDGEWAY,E01006603,Liverpool 011B,Offender given community sentence
60380776be44bd3c9ace3367d761bda12e6102caac1f4e98edb10a3cf47132bc,2012-01,Merseyside Police,Merseyside Police,-2.967615,53.440342,On or near GOODISON ROAD,E01006614,Liverpool 012B,Offender given conditional discharge
f619f61f02da4f28e617bf8f9495ceb1ef7f55543c8972b7102f736b84ec2a9c,2012-01,Merseyside Police,Merseyside Police,-2.998274,53.416251,On or near OIL STREET,E01033751,Liverpool 062A,Offender fined
45fe878888e9cc00caa291ed006d16cce0e1701191b5fa558d9e5cdb8806ebaa,2012-01,Merseyside Police,Merseyside Police,-2.949867,53.491685,On or near Supermarket,E01007038,Sefton 021F,Offender given suspended prison sentence
70bb36cefdd146272373c6a736532a2fa6d27e41a4280014c1a05bb7fba2a6c3,2012-01,Merseyside Police,Merseyside Police,-2.971294,53.431333,On or near WALTON BRECK ROAD,E01006703,Liverpool 014D,Offender given community sentence
1d1b7e13cb3ba94944af6cb61c8da72ad14cb10a410d88b6bef93719060f04ea,2012-01,Merseyside Police,Merseyside Police,-2.907091,53.414678,On or near Supermarket,E01006565,Liverpool 029A,Offender sent to prison
1ef037cf7b5bbfef883c3497918e9173d5d3feeed177a97a420c08ac89af0627,2012-01,Merseyside Police,Merseyside Police,-2.713485,53.467542,On or near HINCKLEY ROAD,E01006852,St. Helens 004D,Offender ordered to pay compensation
4418541bf5b5785e6dd7b76e3902fdf587ba524f5a8581e76253501cfbdb91fe,2012-01,Merseyside Police,Merseyside Police,-2.969757,53.399533,On or near BLACKBURNE PLACE,E01006514,Liverpool 037A,Offender given community sentence
afe4502df58df31382f012fcadbe4761647b9924b723ad408097efdb12ccb071,2012-01,Merseyside Police,Merseyside Police,-2.738101,53.456363,On or near Parking Area,E01006877,St. Helens 012C,Offender fined
75c9097238cb6c73450160572bad797f1dea19da1da05b26b29a06fd0ec070d0,2012-01,Merseyside Police,Merseyside Police,-3.001765,53.647611,On or near Parking Area,E01006968,Sefton 004C,Offender given conditional discharge
52a2d502f87a4f7b57efc995ffea58f28611b92a3bb76c3185562c5ddbde2338,2012-01,Merseyside Police,Merseyside Police,-2.695520,53.431981,On or near BOLD ROAD,E01006900,St. Helens 022B,Offender given suspended prison sentence
1c5ccd21fdf2dc0765397eeae8285664df732d21f675976b9500425048c3c598,2012-01,Merseyside Police,Merseyside Police,-2.957327,53.509666,On or near SEFTON DRIVE,E01007071,Sefton 020C,Offender given community sentence
7735421156db1e46eabbb9b4d8b0ddc8bcf2111c3af06a9c839fa7d2deb28fea,2012-01,Merseyside Police,Merseyside Police,-2.979358,53.403024,On or near Nightclub,E01033756,Liverpool 061C,Offender given community sentence
4ca6bdde6fd04b5b4c725cbb5ec09648b5db6ef1cfa2f701160ad2fb541e0a7a,2012-01,Merseyside Police,Merseyside Police,-2.983495,53.405686,On or near Shopping Area,E01033760,Liverpool 060C,Offender given conditional discharge
d3e2d641b53fcb26742394b00055e7adb522c960f330213909a8160f6a0ee399,2012-01,Merseyside Police,Merseyside Police,-2.939962,53.450001,On or near TORRISHOLME ROAD,E01032510,Liverpool 008F,Offender given community sentence
b5558042875b810594e6cde659db968670d62e97d6c229c6d409639b50d8feb3,2012-01,Merseyside Police,Merseyside Police,-2.698233,53.450608,On or near PENTLAND AVENUE,E01006821,St. Helens 011C,Offender given conditional discharge
cbea2e2a390fffadd485493518a9edeb028dde315bd5b16808ff1976dbbb6f66,2012-01,Merseyside Police,Merseyside Police,-2.742870,53.456055,On or near DUKE STREET,E01006877,St. Helens 012C,Offender fined
482220198e74217d990d3643df732e87b17031d5d7de86976397ca82f072c739,2012-01,Merseyside Police,Merseyside Police,-2.953277,53.432673,On or near OAKDENE ROAD,E01006545,Liverpool 019A,Offender given community sentence
cedae81691a0939207a155b8457ce8fcc63dd23b1f78a2ac580846756e0a144d,2012-01,Merseyside Police,Merseyside Police,-3.027442,53.390403,On or near COVENTRY STREET,E01007128,Wirral 016C,Offender fined
1fe067982a1d09e7fc78257aed9af145859d52abd3028df301109cf2e9a37709,2012-01,Merseyside Police,Merseyside Police,-2.998373,53.361391,On or near Supermarket,E01007141,Wirral 031D,Offender given community sentence
e9b41387cc8652e321c01568c9bf64887c39a8471244e99f26887407c410d048,2012-01,Merseyside Police,Merseyside Police,-2.873232,53.372503,On or near BERRINGTON AVENUE,E01006799,Liverpool 051E,Offender given community sentence
3b86beb9c8f70e698ef28a5da3e4157a3cc14c7c91ca86ff7ba3b51e7c6450ad,2012-01,Merseyside Police,Merseyside Police,-2.998048,53.652954,On or near Supermarket,E01006945,Sefton 004A,Offender sent to prison
5ae894c8f10ad09496ae6d91d382f048d39e8c172458f670bb8d0c53317de569,2012-01,Merseyside Police,Merseyside Police,-2.827902,53.403577,On or near EDINBURGH DRIVE,E01006480,Knowsley 015D,Offender fined
c6605cdb2008e4a6cada15bc5daab4d5c56f037d4312772f14fd536a97d4f14a,2012-01,Merseyside Police,Merseyside Police,-2.949065,53.480743,On or near AINTREE WAY,E01007041,Sefton 027A,Offender given community sentence
5d1d494f7abf7faadb69797807650e640dde37f6b57ea9c19f3f9f8d7156670f,2012-01,Merseyside Police,Merseyside Police,-2.982319,53.485832,On or near POULSOM DRIVE,E01007090,Sefton 029E,Offender fined
ed2970c42d659797ca40601cdc58e0aeae3f85ecb3f16e0ca49ac4161ef77b3f,2012-01,Merseyside Police,Merseyside Police,-2.753420,53.450542,On or near BOUNDARY ROAD,E01006834,St. Helens 012B,Offender given community sentence
766323173c375b2e08a9bb42f11ca471f51eee2b6a4a694ab93f26a8a9a218aa,2012-01,Merseyside Police,Merseyside Police,-3.029000,53.386426,On or near PARK GROVE,E01007130,Wirral 021A,Offender sent to prison
1a4036c25592630780483d20212d6218713354081bcd9ae58c2f0ba33747ade8,2012-01,Merseyside Police,Merseyside Police,-2.997400,53.652402,On or near Police Station,E01006945,Sefton 004A,Offender fined
810969529e4921e37a7dd99d25058e631aecb89af57ef1afbaa8cc42f624c7ab,2012-01,Merseyside Police,Merseyside Police,-2.983077,53.404521,On or near OLD POST OFFICE PLACE,E01033756,Liverpool 061C,Offender given community sentence
547ccfc63ebf4b7388fb1964cd27dc75cf9aabb48b15d9b6d4b572d2f9c52b7d,2012-01,Merseyside Police,Merseyside Police,-2.797647,53.414470,On or near RAMSEY CLOSE,E01006497,Knowsley 013A,Offender fined
b9dfce501f547a966a172709078bb4606308470fbcda545f756d0f2628bf5286,2012-01,Merseyside Police,Merseyside Police,-3.033557,53.366602,On or near MOUNT ROAD,E01007177,Wirral 029D,Offender given community sentence
51710883957802403358e2d3a35e619290fd6dc2f57335648ffb92a478a1cba1,2012-01,Merseyside Police,Merseyside Police,-2.982351,53.427170,On or near MAJOR STREET,E01033764,Liverpool 022E,Offender fined
7a0ca13cb5e56da3de8ae3f19132bec26cdd39f608df244607abce107605f637,2012-01,Merseyside Police,Merseyside Police,-2.967279,53.432192,On or near NORGATE STREET,E01006558,Liverpool 018B,Offender given community sentence
a6d670ddec63c400192802e25bda65925388a45c314f5d4dd22a1e851d7e336b,2012-01,Merseyside Police,Merseyside Police,-2.970950,53.436046,On or near Supermarket,E01006703,Liverpool 014D,Offender fined
034f87c16422d73eb8e8b16928941cf500573fc91542c8d909ee7e92c8f5a76c,2012-01,Merseyside Police,Merseyside Police,-2.890499,53.493275,On or near APPLEBY ROAD,E01006495,Knowsley 001E,Defendant found not guilty
3bee674bf4e3b541f835f6ebfbc94216cb2d4894f6d36ee035eba8d867e1b50b,2012-01,Merseyside Police,Merseyside Police,-2.928322,53.410604,On or near CLYDE ROAD,E01006692,Liverpool 028B,Offender given community sentence
3ecdf9deff8a0f20bea386f55c6401da255a7c4ff815b8810434ae385c215a5f,2012-01,Merseyside Police,Merseyside Police,-2.876625,53.426420,On or near MAX ROAD,E01006639,Liverpool 017C,Offender given suspended prison sentence
d7aa97b67d07bb50f2f70de5302d59449c80f29690d2ae35053b2435e0ac7c60,2012-01,Merseyside Police,Merseyside Police,-2.961426,53.406909,On or near MINSHULL STREET,E01006747,Liverpool 031B,Offender deprived of property
95d8e47536fd1bc24a088bf684b9a02deea0126b02d9bb7a4fa63fc46186cc73,2012-01,Merseyside Police,Merseyside Police,-2.847171,53.408170,On or near TARBOCK ROAD,E01006475,Knowsley 016D,Offender fined
c0735eac6f966b1eecef1c45831ac34618fa2d1b0702c6b189ff05444c2a0e3f,2012-01,Merseyside Police,Merseyside Police,-2.860350,53.421640,On or near LIVERPOOL ROAD,E01006453,Knowsley 008A,Offender given community sentence
5505c1116d1681e88726afe30db338a350bc5d454bed12b8b739b00377fcecc2,2012-01,Merseyside Police,Merseyside Police,-3.010874,53.370212,On or near WORDSWORTH AVENUE,E01007176,Wirral 029C,Offender sent to prison
6917b57493b7b91740a45fe73d89b070b1e0dda0df61456fcb808bf9accfec23,2012-01,Merseyside Police,Merseyside Police,-3.001133,53.462997,On or near SNOWDROP MEWS,E01007017,Sefton 034E,Offender fined
16ab69c3fbbdb422245b2d4579298ca14e09439c0f2cb3a2ec4c33cadc278a07,2012-01,Merseyside Police,Merseyside Police,-2.971294,53.431333,On or near WALTON BRECK ROAD,E01006703,Liverpool 014D,Offender given community sentence
f69be12b3b35392e500a84b4b4d88f9be7e4f54a005c9dc48d4e40c6acc995a0,2012-01,Merseyside Police,Merseyside Police,-3.095234,53.415752,On or near FRANKLIN ROAD,E01007204,Wirral 009A,Offender sent to prison
41137d4eeda02d82d087e0494f7f1e4c09418381b1e1e85ef741db003f447d21,2012-01,Merseyside Police,Merseyside Police,-2.928234,53.441095,On or near Supermarket,E01033759,Liverpool 010F,Offender sent to prison
c959b83d5e6c917a69f281b2c665610a1671512cbf375cba4c88f66261f8e25f,2012-01,Merseyside Police,Merseyside Police,-2.978159,53.427492,On or near MEDEA STREET,E01033764,Liverpool 022E,Offender deprived of property
cbf45faddbd29d5d77a2dad0047f2193711e46e057397084d93480ef7b20b294,2012-01,Merseyside Police,Merseyside Police,-2.989650,53.640629,On or near CHAMBRES ROAD,E01006996,Sefton 007D,Offender sent to prison
f7779d9351addb2223a20f57f810834d0a48ebb472fc47cf3717589a659c1b0e,2012-01,Merseyside Police,Merseyside Police,-2.781678,53.420724,On or near IVY AVENUE,E01006891,St. Helens 023C,Offender fined
d42af2ee950bdda33238eeee37cb6049587c383cba0e46aed54ca592ac7d35a4,2012-01,Merseyside Police,Merseyside Police,-3.020610,53.391433,On or near BURLINGTON STREET,E01007126,Wirral 016A,Offender given conditional discharge
c9361e1b8dbabc367991ce26d0e4ed9cbc414e0d6b2761592ceaf13ff591423b,2012-01,Merseyside Police,Merseyside Police,-2.992377,53.451177,On or near Supermarket,E01007009,Sefton 037D,Offender given suspended prison sentence
c12a60df0a9a8bf048c88fa94cb8f56d3fd86a4ce4414ec6347026d4986eb8ec,2012-01,Merseyside Police,Merseyside Police,-2.958897,53.428898,On or near HOULDING STREET,E01006546,Liverpool 019B,Offender given conditional discharge
1204b169460a8ca249f591e403025164282fd5019d2b3e24339b129c3722c374,2012-01,Merseyside Police,Merseyside Police,-2.971490,53.387798,On or near HUGHSON STREET,E01006630,Liverpool 044B,Offender fined
a64c1c9d5b9f8969297cb39054adfe052f04fd45673ec5df94820966f9441b47,2012-01,Merseyside Police,Merseyside Police,-2.782201,53.422968,On or near REDSTONE WAY,E01006498,Knowsley 009D,Offender given suspended prison sentence
811409126e29877d23228bb70cd6a2644e088f809ab996193be8ae0c0a97b7e6,2012-01,Merseyside Police,Merseyside Police,-2.805299,53.429295,On or near MILL STREET,E01006463,Knowsley 007C,Offender fined
62bd6bfa1a789eaf6586e032d85435a2cd428d2ecbc7743b36502bc43bebe8fc,2012-01,Merseyside Police,Merseyside Police,-3.010022,53.466284,On or near Pedestrian Subway,E01006952,Sefton 032A,Offender given community sentence
79ec0a3a4b238c1820739cd122347aafe632f7bd8d97b4ed89f00bb7450e1ee4,2012-01,Merseyside Police,Merseyside Police,-2.998514,53.448978,On or near MERTON ROAD,E01007007,Sefton 037B,Offender fined
acd57daedff8e0889507e9242ad1fba5d9503620224b604379abcd88db3a5ee5,2012-01,Merseyside Police,Merseyside Police,-2.851092,53.413185,On or near Further/Higher Educational Building,E01006474,Knowsley 016C,Offender fined
fd19cceec70cfe335d904db80f09864d1a657bf4b0a6a163b74872827d2471f2,2012-01,Merseyside Police,Merseyside Police,-3.021054,53.413128,On or near SHIRLEY STREET,E01007274,Wirral 008C,Offender sent to prison
a0f6a376a20574765c8cd03ba89d2ebb8f40a3419aee84acfba63491f3244d27,2012-01,Merseyside Police,Merseyside Police,-2.976535,53.340196,On or near Supermarket,E01007135,Wirral 039A,Offender given conditional discharge
0a42bd6f90671b26404a556604d46b8c68855ead6adc46d785827d3f8d8a5e16,2012-01,Merseyside Police,Merseyside Police,-2.953172,53.381554,On or near SANDIRNGHAM DRIVE,E01006520,Liverpool 043A,Offender sent to prison
fbc25dd6d84ca65a631f2c55bc78643122f31dbfb10cd4011b04dc58a1aafdb9,2012-01,Merseyside Police,Merseyside Police,-2.972326,53.486408,On or near ST OSWALDS COURT,E01007088,Sefton 029D,Offender fined
d6f774be9f5e8d14392d02487d9ffa88f2d9ecbe1d22cd3fc175316f7df27385,2012-01,Merseyside Police,Merseyside Police,-2.951591,53.459626,On or near Sports/Recreation Area,E01006785,Liverpool 003D,Offender fined
deef8a0bbdbe66769faaa989645a3acf62fd882fc6d30011868c1e634521d36e,2012-01,Merseyside Police,Merseyside Police,-2.860207,53.437659,On or near POOL HEY,E01006413,Knowsley 006B,Offender given community sentence
a31bfef3ba087fd0e100e60f77cfd0372be38d511ce095b54399bf5a262ac985,2012-01,Merseyside Police,Merseyside Police,-2.868703,53.389228,On or near GRANGEMEADOW ROAD,E01006801,Liverpool 046D,Offender given conditional discharge
98b7ad7dd2ad1b3372d016cdf3223e0413ad55c79b698e0865ed502ffba24094,2012-01,Merseyside Police,Merseyside Police,-2.981892,53.414455,On or near SCOTLAND ROAD,E01006648,Liverpool 023D,Offender otherwise dealt with
c4b47c3bc1d7b501ddd79a987026bb1e369f0b1a11fe0ebefadd25f61728cf81,2012-01,Merseyside Police,Merseyside Police,-3.016653,53.392626,On or near DOUGLAS STREET,E01007126,Wirral 016A,Offender given community sentence
d3cd96f75377a75e388dc41b1ae02e89f1a065033a2e0e13b49e1b5f8a08215b,2012-01,Merseyside Police,Merseyside Police,-2.871013,53.397077,On or near CRAIGHURST ROAD,E01006769,Liverpool 040B,Court case unable to proceed
7b4695b114c319d49fa28c3ab34acccc7c788702606420ace3de283406967575,2012-01,Merseyside Police,Merseyside Police,-2.928009,53.398328,On or near FAIRBANK STREET,E01006721,Liverpool 038C,Offender given community sentence
9bd906062ad2cf51913aa7f9de5751ad8a81224f6e15c051c4c59999875bf87c,2012-01,Merseyside Police,Merseyside Police,-3.068558,53.406807,On or near Sports/Recreation Area,E01007121,Wirral 011B,Offender given community sentence
974343d04295ac20e08368650a8b207672fef54e6d6e486234503065f8b77f2b,2012-01,Merseyside Police,Merseyside Police,-3.013277,53.468207,On or near KINGS PARK,E01006952,Sefton 032A,Offender fined
8f7e5ac6338915ecf0f01b72ada273c3151fb94de3391c6257f9cdfa1609d2b1,2012-01,Merseyside Police,Merseyside Police,-2.977002,53.667339,On or near FLEETWOOD CLOSE,E01006948,Sefton 003B,Offender fined
a359fad61d0f8716ee9fb15b3a096faaeef64a1c8d6a0160a928ee3814036fb0,2012-01,Merseyside Police,Merseyside Police,-3.040409,53.398624,On or near CHURCHVIEW ROAD,E01007133,Wirral 016E,Offender fined
bd1d809f9a47749620815ff8862f71f48b75cac7ee05d2c047ec0d888ac2b4e8,2012-01,Merseyside Police,Merseyside Police,-2.942758,53.380396,On or near LIVINGSTON DRIVE NORTH,E01006523,Liverpool 052B,Offender given conditional discharge
a0560e5160c325ec127a3289e5e8d0233370aee0fa7c0215dc34216c729aa190,2012-01,Merseyside Police,Merseyside Police,-2.892684,53.363990,On or near MOSTYN AVENUE,E01006534,Liverpool 054A,Offender given community sentence
a1b7b47f02924936564f1ca3bcf83766e5e815efd3c8c7385b0b0a2b065d7ad7,2012-01,Merseyside Police,Merseyside Police,-3.002942,53.467557,On or near BEACH ROAD,E01007016,Sefton 034D,Offender fined
0a42bd6f90671b26404a556604d46b8c68855ead6adc46d785827d3f8d8a5e16,2012-01,Merseyside Police,Merseyside Police,-2.953172,53.381554,On or near SANDIRNGHAM DRIVE,E01006520,Liverpool 043A,Offender sent to prison
3b9d4d585631650900aeeeaf4fd5db042c31f2c7179e9340b56393041d33e49c,2012-01,Merseyside Police,Merseyside Police,-2.994087,53.450894,On or near JERSEY CLOSE,E01007007,Sefton 037B,Offender sent to prison
17d75f438c6b5c31f9f9f8cd714378ccfed939f37731ba579ee287a9ff2a1b32,2012-01,Merseyside Police,Merseyside Police,-3.083811,53.415631,On or near GRANT ROAD,E01007210,Wirral 006C,Offender fined
138fa993e175ef01ca5aca80ed20ad90b3697a0493c3b5f49c847c9872134298,2012-01,Merseyside Police,Merseyside Police,-3.113748,53.383229,On or near BROADWAY,E01007265,Wirral 017C,Offender given community sentence
bea201affffb9cf83433e3a0496d2b359e9eac82a9ebaefb4f9a1548a56600b8,2012-01,Merseyside Police,Merseyside Police,-2.737968,53.459996,On or near ALBERT STREET,E01006881,St. Helens 012E,Offender given conditional discharge
2cb12be9749d522d71f65f5ce1f6951ebf3b331023daf307628e208f30c7d8d1,2012-01,Merseyside Police,Merseyside Police,-2.724702,53.431870,On or near MARSHALLS CROSS ROAD,E01006848,St. Helens 020D,Offender given community sentence
bdcdc7c5671301bf8f1318ede3b1b33700b28d719f1035cc854ad316d029154e,2012-01,Merseyside Police,Merseyside Police,-2.974579,53.409786,On or near Parking Area,E01033758,Liverpool 060B,Offender sent to prison
0e71bf0252067af1c33e46e19d5f94ca105abf08e716400afa1f76a65f8f5ced,2012-01,Merseyside Police,Merseyside Police,-2.931032,53.425181,On or near Supermarket,E01006764,Liverpool 020D,Offender fined
227f3ceedf19a8f29a2cef86535bda13467a77e0a9690f399565ce995dd93d66,2012-01,Merseyside Police,Merseyside Police,-2.958289,53.421298,On or near PICKERING STREET,E01006563,Liverpool 024B,Offender given conditional discharge
c32e9d42b2793a13389e230311e1bbf654304cfb3ae896cdcef1cd63b27a7ee9,2012-01,Merseyside Police,Merseyside Police,-2.865731,53.425061,On or near LORDENS ROAD,E01006467,Knowsley 008B,Offender given community sentence
956b243f07999d3b5aa8e4ee7a8227f78db4529bab7cbab846afdd276660efb6,2012-01,Merseyside Police,Merseyside Police,-2.747625,53.453239,On or near NAPIER CLOSE,E01006880,St. Helens 012D,Court case unable to proceed
0e989cb4fac75fa9c651acda1de36fdd17b3d0a86ef72f25d402c672c3a28d8e,2012-01,Merseyside Police,Merseyside Police,-2.809566,53.429689,On or near Police Station,E01006464,Knowsley 007D,Offender fined
47c9f1ea99a1153f9f1960e5046dfbf93c8eebcf2911cf5fd85597ce381e9026,2012-01,Merseyside Police,Merseyside Police,-3.000201,53.468200,On or near LINACRE ROAD,E01007016,Sefton 034D,Offender sent to prison
d1bdeb60bf0eab02c32104acc46016617997560e2643068671f402f11355d40e,2012-01,Merseyside Police,Merseyside Police,-3.044548,53.419029,On or near Shopping Area,E01007214,Wirral 007C,Offender given community sentence
5ff886e8ddf62b02b0676f5e66e6570ed0ecf19a1b9f42784ee36e57147d1c4a,2012-01,Merseyside Police,Merseyside Police,-3.029654,53.476390,On or near ST JOHN'S PLACE,E01006958,Sefton 030C,Offender fined
09565d795bd5458d47376a76420e5eca22ceff7ee83b2b7d7a7b64fe86d39dd7,2012-01,Merseyside Police,Merseyside Police,-3.094818,53.417724,On or near FROBISHER ROAD,E01007210,Wirral 006C,Offender given community sentence
7b562deae094e878c18953a77fcc330f7ff14a4b0317e414c92a903f7169303a,2012-01,Merseyside Police,Merseyside Police,-3.076389,53.370214,On or near Supermarket,E01007304,Wirral 025E,Offender sent to prison
370347ea2b6c006c1dda6821fcacea6f2ee998516eae75b023de8ab4e74f112c,2012-01,Merseyside Police,Merseyside Police,-2.976861,53.404365,On or near UPPER NEWINGTON,E01033756,Liverpool 061C,Offender given conditional discharge
d9ec84ac773c58a2076387520779f4fae5aebed2b0eb6101f80f7805ea17f770,2012-01,Merseyside Police,Merseyside Police,-2.993981,53.459910,On or near STANLEY ROAD,E01007012,Sefton 036D,Offender fined
c2b00e45fb2ae8144b082eff005b427538887f7d00f32fe794a1f970232092a4,2012-01,Merseyside Police,Merseyside Police,-3.056429,53.398106,On or near THISTLETON AVENUE,E01007125,Wirral 015A,Offender given community sentence
5b9f4e502104665611c35416b0cedf8f2874c06cfb8b4851443529ee2c9085db,2012-01,Merseyside Police,Merseyside Police,-3.021949,53.390864,On or near Parking Area,E01007128,Wirral 016C,Offender fined
ccff453bc0d97690c675cca03a9dce795531e0a2ba2dbd8d0caf57b3adfc5cff,2012-01,Merseyside Police,Merseyside Police,-3.000714,53.452879,On or near IRLAM ROAD,E01007008,Sefton 037C,Offender fined
5583ee42d6a76901b0ab0cf6bc16f03d1134fdeab383002508eb595cd87a4dba,2012-01,Merseyside Police,Merseyside Police,-2.712376,53.432780,On or near LAKEMOOR CLOSE,E01006847,St. Helens 020C,Offender fined
cf7e8b3cfc2c98c6dc5a1683eb19b2455e29df25b8b6c906de00b1d164e68455,2012-01,Merseyside Police,Merseyside Police,-2.671441,53.498050,On or near HAWTHORN AVENUE,E01006805,St. Helens 003B,Offender given suspended prison sentence
80eb7ae1f2049aadc22c57b23e658b6a75d5bbd2d80ceb4eb4318324d1d4a42f,2012-01,Merseyside Police,Merseyside Police,-2.893737,53.399911,On or near PADSTOW ROAD,E01006579,Liverpool 034D,Offender fined
6c44b88c0d96d64376c4b3077af42d79e86b61213be4e1099054a0a3d68db81b,2012-01,Merseyside Police,Merseyside Police,-2.912564,53.388514,On or near ALLERTON ROAD,E01006591,Liverpool 041C,Offender sent to prison
9f76308f57df9cea275405c43f45887350e15e88e905e4dea1fc324c203f7f5a,2012-01,Merseyside Police,Merseyside Police,-3.020760,53.380132,On or near ACUBA GROVE,E01007292,Wirral 021E,Offender given community sentence
3e00f869ec57b33a37143506c8c8cdbf25354b3aa4884887ec7eaa4f4ecf516c,2012-01,Merseyside Police,Merseyside Police,-3.099545,53.327988,On or near Parking Area,E01007182,Wirral 037A,Offender given suspended prison sentence
a21b3b0d0cc1c7b0558292fa84ef425e2b6362b04c350191d92fa2e78520c7cf,2012-01,Merseyside Police,Merseyside Police,-2.831510,53.382644,On or near ROOKLEY CLOSE,E01006710,Liverpool 045D,Offender otherwise dealt with
f5d0153688c7e2132c7adedaf845a43f3981601234def367cc5b3190e52fd7ca,2012-01,Merseyside Police,Merseyside Police,-2.988869,53.407143,On or near PRINCES STREET,E01033760,Liverpool 060C,Offender sent to prison
7b4695b114c319d49fa28c3ab34acccc7c788702606420ace3de283406967575,2012-01,Merseyside Police,Merseyside Police,-2.928009,53.398328,On or near FAIRBANK STREET,E01006721,Liverpool 038C,Offender given community sentence
1243c3d2b3e52fef9c96cf48d5f4febe2e401d09bfed2bdd08b543e17e77b735,2012-01,Merseyside Police,Merseyside Police,-2.878036,53.351011,On or near Parking Area,E01006743,Liverpool 058D,Offender given conditional discharge
3c8b2b4a7a6322b56abcfce35d2b9f863c15c5eed894d3ea0a2a82f7a010909b,2012-01,Merseyside Police,Merseyside Police,-2.929746,53.425542,On or near Supermarket,E01006761,Liverpool 020B,Offender fined
06b9be5a8781a7aef140d55c3a67dec4127319ea1163a9181695f15eb5d5ec78,2012-01,Merseyside Police,Merseyside Police,-2.733210,53.451279,On or near Parking Area,E01006832,St. Helens 012A,Offender given community sentence
ebcc1dc797124c5abe95d0a3cb971484b5a0d96e883e22037fe9202ff2e8778c,2012-01,Merseyside Police,Merseyside Police,-2.759048,53.449535,On or near RIVINGTON STREET,E01006833,St. Helens 016B,Offender sent to prison
0bbdc7678b841e0868d78a50b7fbe692e2146b706c6c2c092496ff876d79667f,2012-01,Merseyside Police,Merseyside Police,-2.997564,53.645884,On or near Parking Area,E01006969,Sefton 004D,Offender sent to prison
536d022d57879470c888b390d52d79a8a35300a6aa8b464176bb9f61639e8fc8,2012-01,Merseyside Police,Merseyside Police,-2.976797,53.461931,On or near NORTHFIELD ROAD,E01007051,Sefton 035D,Offender fined
6c44b88c0d96d64376c4b3077af42d79e86b61213be4e1099054a0a3d68db81b,2012-01,Merseyside Police,Merseyside Police,-2.912564,53.388514,On or near ALLERTON ROAD,E01006591,Liverpool 041C,Offender sent to prison
431a53055287d4b2133a6d74a748e4dbc48bd511391ce910a97f1bdb4b6b4f47,2012-01,Merseyside Police,Merseyside Police,-2.985464,53.402353,On or near DUKE STREET LANE,E01033754,Liverpool 061B,Offender sent to prison
08b1e712d690fa174154bb479334ed92780f97cd84e190963d66297d7e4cc038,2012-01,Merseyside Police,Merseyside Police,-2.965271,53.400702,On or near MYRTLE PARADE,E01006512,Liverpool 031A,Offender sent to prison
6640fa2f7549d9c0e6feaf997559a9ce08336041dcba8172dd573f9d22d0cab2,2012-01,Merseyside Police,Merseyside Police,-3.184755,53.369080,On or near SHREWSBURY ROAD,E01007198,Wirral 026C,Offender sent to prison
c810b437ff00328ef5e2704e4ea5ad033f27291e6d2df5131f8b1decfe4b1a96,2012-01,Merseyside Police,Merseyside Police,-2.984497,53.470542,On or near THACKERAY GARDENS,E01007047,Sefton 033E,Offender sent to prison
978efb051606fc0e60410369446a4b784c137d6236b0b1614b63fc01f8a7b576,2012-01,Merseyside Police,Merseyside Police,-2.947399,53.669455,On or near NEW LANE,E01007030,Sefton 001D,Offender given conditional discharge
a763e5ba05614883280b6ba9912067935b6da273766ecc2fc314a23a8bf56cb9,2012-01,Merseyside Police,Merseyside Police,-2.976535,53.340196,On or near Supermarket,E01007135,Wirral 039A,Offender given community sentence
1176c72afc1f147635779bdfbb970fa7da5c7e47df826847d8a8ddcc0a9fc77c,2012-01,Merseyside Police,Merseyside Police,-3.054563,53.427255,On or near TILSTON ROAD,E01007311,Wirral 004D,Offender given community sentence
121a136ea757cd7ba5a423b98ee04fdc83e03e3a8ed7a22b792d1d32e8633ac6,2012-01,Merseyside Police,Merseyside Police,-2.949161,53.443151,On or near GRAYLANDS PLACE,E01006607,Liverpool 008A,Offender given conditional discharge
d86d32b7f95beb8e8282b6db73a1cf455a52d7aaa5587134c58c4ffcc5b92e26,2012-01,Merseyside Police,Merseyside Police,-2.973351,53.401509,On or near RODNEY STREET,E01006513,Liverpool 060A,Court case unable to proceed
49039100151a25a2295eabbbc83f13c75d236685a4e82aab3484e99c52c18928,2012-01,Merseyside Police,Merseyside Police,-3.184755,53.369080,On or near SHREWSBURY ROAD,E01007198,Wirral 026C,Offender given community sentence
5fa4d313911d6be394d27a60283b0d45fa1a2fe355da3c900c0f87cdeee6ec27,2012-01,Merseyside Police,Merseyside Police,-2.735712,53.454940,On or near Parking Area,E01006872,St. Helens 014C,Offender sent to prison
db1c8c786f1c6c15280f7332a6b74b7e6819e8ebc1a4243406f97adcfb503ef9,2012-01,Merseyside Police,Merseyside Police,-2.864274,53.381413,On or near GLENVILLE CLOSE,E01006794,Liverpool 046B,Offender sent to prison
fe7fa741f60ae8aec7e60375d0e2b4809a3c08a1c31846eaecc3209db6f6f3d4,2012-01,Merseyside Police,Merseyside Police,-3.041086,53.432515,On or near STANFORD AVENUE,E01007233,Wirral 002C,Offender given absolute discharge
8f7b1a5ede1148df5a2ce7f103e49c3a4d2534e8657aea8ec77d1b51e29fd0f1,2012-01,Merseyside Police,Merseyside Police,-3.036372,53.480620,On or near BROOKE ROAD WEST,E01006954,Sefton 028C,Offender given community sentence
93f7383286d38bdfb2c03ba252bf56428c086391744c8b7164a5317a98f2854a,2012-01,Merseyside Police,Merseyside Police,-3.000227,53.347523,On or near TRAFALGAR DRIVE,E01007152,Wirral 036D,Offender given community sentence
82c429e13fcf0f9e83be9a6cb5204d18030c26bb3567d844f4322d41076f1d33,2012-01,Merseyside Police,Merseyside Police,-2.985119,53.403704,On or near Parking Area,E01033756,Liverpool 061C,Offender given community sentence
5e82ed24e2a5aefaae5122f56966181fc80f78b4f57863d3fd50363a28b359d2,2012-01,Merseyside Police,Merseyside Police,-2.963615,53.437876,On or near PRIORY ROAD,E01006615,Liverpool 012C,Offender fined
ddbb39f4fd6e17cb0014cacf4da4b6febd48b526c302e4c0b1e5b475647f45b3,2012-01,Merseyside Police,Merseyside Police,-2.739208,53.454208,On or near ORMSKIRK STREET,E01006877,St. Helens 012C,Offender given community sentence
c5230ff88f2f9a0eb28c67a08bba7304689e3228daf67cac322610a1d70cda73,2012-01,Merseyside Police,Merseyside Police,-3.020261,53.390078,On or near OLIVER LANE,E01007126,Wirral 016A,Offender sent to prison
8db627685592631dad4fa46ab5c5e6d163bd28c0c2fa10117d6f9f7350471baa,2012-01,Merseyside Police,Merseyside Police,-3.038891,53.377693,On or near NURSERY CLOSE,E01007243,Wirral 022D,Offender given suspended prison sentence
2027abe9b9aff77bd7c60ba56d8a28a0609ddbbc36a38f407d160d26b246b8f5,2012-01,Merseyside Police,Merseyside Police,-2.937560,53.442793,On or near HILCREST ROAD,E01006732,Liverpool 011E,Offender given community sentence
31445c393dd8c7f87351249d9e9fc52783c7ce00e8a107bbda2305eb016ad673,2012-01,Merseyside Police,Merseyside Police,-3.023352,53.347768,On or near LIME AVENUE,E01007118,Wirral 035C,Offender given suspended prison sentence
44611c28ce5dfcf81212c979da799edec4d9c93c90270caed0e953c0a6bff30b,2012-01,Merseyside Police,Merseyside Police,-3.058085,53.399394,On or near SUMNER ROAD,E01007125,Wirral 015A,Offender given community sentence
f4e28a57ae84cc2260528b6eb7c37ce7f2b17cf1d48da4a2652603e65e61d65b,2012-01,Merseyside Police,Merseyside Police,-3.042779,53.411889,On or near DALE HEY,E01007276,Wirral 007E,Offender given community sentence
0ac7f19b049e1500a695d2b59d7394e2408bac1ba3a3ce9ac1ac17439cfaade3,2012-01,Merseyside Police,Merseyside Police,-2.983878,53.406618,On or near Supermarket,E01033760,Liverpool 060C,Offender given community sentence
45efd7eaa1edbde24fd11c26bee3f5aa207570eeffeb80295b5c59aae33b9f20,2012-01,Merseyside Police,Merseyside Police,-2.910599,53.413375,On or near FERNLEIGH ROAD,E01006573,Liverpool 029C,Offender sent to prison
5ac3507fdd20d661df454fc8fa69c06113761e02dcae2da06c907b335d66cf49,2012-01,Merseyside Police,Merseyside Police,-2.970741,53.442744,On or near COUNTY ROAD,E01006698,Liverpool 012D,Offender sent to prison
d9fdac065ce40053ad27bf206d384f200621afc22000985e04a356c737b5165a,2012-01,Merseyside Police,Merseyside Police,-3.174442,53.395205,On or near Supermarket,E01007202,Wirral 014E,Offender otherwise dealt with
447de66a2300ae84038f346ac3069848c69a3202b1a0ef60c18885f20d8043be,2012-01,Merseyside Police,Merseyside Police,-2.978061,53.401569,On or near BACK COLQUITT STREET,E01033761,Liverpool 060D,Offender fined
a3fdaf599896800c1c4c4681b5848c1281e6f9e18cbe917b30ffffbb2e6ededc,2012-01,Merseyside Police,Merseyside Police,-2.734840,53.452401,On or near Shopping Area,E01006872,St. Helens 014C,Offender given conditional discharge
181a96bbfbb3bb19170785931c5ee43aa20f983989696242d7d56d7bb41070d3,2012-01,Merseyside Police,Merseyside Police,-3.016820,53.466442,On or near CLAREMONT CLOSE,E01006953,Sefton 032B,Offender fined
42edddb775c933f1c4de1f397f971374fed279e7459c535efa58a5d00dc1695d,2012-01,Merseyside Police,Merseyside Police,-2.978384,53.413710,On or near Police Station,E01006648,Liverpool 023D,Offender given community sentence
75776a7a18e7d5689dad157b91f0a98ec11a19b28fcf9a4001b4c6f88124a600,2012-01,Merseyside Police,Merseyside Police,-2.769577,53.412219,On or near CHRISTOPHER CLOSE,E01006895,St. Helens 023D,Offender given community sentence
b3c6eeeec2f434d22a9d2e825c64fd8a1586ccfac19b8db31e42f83b1562d6a5,2012-01,Merseyside Police,Merseyside Police,-3.005909,53.645652,On or near QUEEN ANNE STREET,E01006968,Sefton 004C,Offender given community sentence
a59fa7eee56363df275cd22980feb680849cfec262cbd2f312d6d2500a7ef034,2012-01,Merseyside Police,Merseyside Police,-3.095464,53.370840,On or near Hospital,E01007251,Wirral 025B,Offender fined
539a284eff779d8a5533f9668f8777a08a1ff3fe752ac25c02f36f8e895a4b60,2012-01,Merseyside Police,Merseyside Police,-2.976535,53.340196,On or near Supermarket,E01007135,Wirral 039A,Offender fined
f915f49691b63b2042d8d53d393b1798ec336d438e22da02e8cdf5e27650311b,2012-01,Merseyside Police,Merseyside Police,-2.970950,53.436046,On or near Supermarket,E01006703,Liverpool 014D,Offender sent to prison
b695723631f64afc99b2c61c012a3fea3328c96c57fe085bd1f428d06bcc93e2,2012-01,Merseyside Police,Merseyside Police,-2.934724,53.507661,On or near LITTLE ACRE,E01007099,Sefton 019D,Offender given community sentence
04afd2f4eda7e36381b502e20b9125997a5ae89e6bf7346e12419cb6974fd0a3,2012-01,Merseyside Police,Merseyside Police,-2.985464,53.402353,On or near DUKE STREET LANE,E01033754,Liverpool 061B,Offender sent to prison
97941e22e14e32cabc6d74c7ef2e7de487791692fbdbc85ad3becb01d60a25a9,2012-01,Merseyside Police,Merseyside Police,-2.839670,53.410758,On or near Supermarket,E01006474,Knowsley 016C,Offender otherwise dealt with
82b0e43bf7a6320d4eabbf1c05774b43d640304008ef3b9a05155b0cc8e59c0b,2012-01,Merseyside Police,Merseyside Police,-2.936446,53.508465,On or near BROOKLANDS DRIVE,E01007099,Sefton 019D,Court case unable to proceed
7b7fb2d42bb80e4c3759aa3381a85937c3db22c7b314169d41a7e19a3f87b150,2012-01,Merseyside Police,Merseyside Police,-3.043246,53.437719,On or near Supermarket,E01007238,Wirral 001E,Offender fined
2851d9db0c7703f523d74b23efb1b97f0ecb8dd6e1f9822028d5646f50bcb03d,2012-01,Merseyside Police,Merseyside Police,-3.058860,53.422723,On or near THE LAUND,E01007316,Wirral 004F,Offender given community sentence
ee7ea2106b9572b2188a242f7af3f51a0e36e79e6075cfc1a90ae1d63f66fbc9,2012-01,Merseyside Police,Merseyside Police,-2.881180,53.419645,On or near ACKERS HALL AVENUE,E01006571,Liverpool 026D,Court case unable to proceed
417534328edcd5dc0f03f537141e54e1fbf2b382cf704357d0c6be24a6e5c619,2012-01,Merseyside Police,Merseyside Police,-3.031925,53.415336,On or near PARKSIDE,E01007275,Wirral 005E,Offender sent to prison
c67feed8b0c39aecb527a3dd4e37d0f6cebaf34b312a4e60cb13145fe0199579,2012-01,Merseyside Police,Merseyside Police,-2.974852,53.460544,On or near SMITH DRIVE,E01007052,Sefton 035E,Court case unable to proceed
31ee88329c075daf4a31191792d43f0cc49595979144e524d38c7b45455b72e5,2012-01,Merseyside Police,Merseyside Police,-2.987595,53.406057,On or near Nightclub,E01033760,Liverpool 060C,Offender fined
78a35ae063babc6a5a377b8d6b0256c89a8cea25b84ae861fced0fe9fc43aa6d,2012-01,Merseyside Police,Merseyside Police,-2.922300,53.445168,On or near UTTING AVENUE EAST,E01006598,Liverpool 010A,Offender given community sentence
5fc999743b95a168b955074e5607d10208b98226d8e8060843e8f9604350f317,2012-01,Merseyside Police,Merseyside Police,-3.043379,53.400153,On or near DAWSON AVENUE,E01032903,Wirral 010F,Offender sent to prison
86c21f634eb20e70fd6dc3ec210f7dd27a047dc1b5db49009ed3dbafb7d6cb58,2012-01,Merseyside Police,Merseyside Police,-2.928467,53.438694,On or near WAPSHARE ROAD,E01006600,Liverpool 011A,Offender given conditional discharge
4917ccbac9a0637f15df60520be18346581dcce830daa1dac165af989bf9e078,2012-01,Merseyside Police,Merseyside Police,-3.013909,53.366366,On or near OLD CHESTER ROAD,E01007178,Wirral 029E,Offender fined
76829ab2545694d7c77434d31725167e03068d94dd5b157db23ea2ecc3f03ebf,2012-01,Merseyside Police,Merseyside Police,-2.974579,53.409786,On or near Parking Area,E01033758,Liverpool 060B,Offender sent to prison
b205f4b1d8e2295c863f043c9ceb5bcdf574e0a8d2c69c8c7701a92b1b0c1638,2012-01,Merseyside Police,Merseyside Police,-2.974566,53.409256,On or near NORTON STREET,E01006747,Liverpool 031B,Offender fined
09ac24ace159e1f7133bab6a74b1b29972d46850038e3ebdd39201f26b476611,2012-01,Merseyside Police,Merseyside Police,-2.914700,53.402584,On or near OLIVE LANE,E01006587,Liverpool 032D,Offender sent to prison
8a1ba67d1a053cf6cb6328410578786cd3bc62b18f5c5c2a19000896377bc23e,2012-01,Merseyside Police,Merseyside Police,-2.976861,53.404365,On or near UPPER NEWINGTON,E01033756,Liverpool 061C,Offender sent to prison
59d3858d5e4fce5b60dbde7b88f431f3385bf940a63cdb31d7fb03c9837dc508,2012-01,Merseyside Police,Merseyside Police,-2.889431,53.468869,On or near RYECOTE,E01006415,Knowsley 003A,Offender given suspended prison sentence
ceab3141811691442c3b6edc9d18b7201206e5d5d0fe8461115f1e21e34c3780,2012-01,Merseyside Police,Merseyside Police,-2.997988,53.443868,On or near MILLER'S BRIDGE,E01007010,Sefton 037E,Offender sent to prison
f84952e89a63d275ebf25337732c7a4ae39fdf434ca17f1daaf667728cb4d9c2,2012-01,Merseyside Police,Merseyside Police,-2.982656,53.461262,On or near AINSDALE ROAD,E01007019,Sefton 035A,Offender given suspended prison sentence
94f946eeaed0028f293a57047ad1a08f56192426374b40359bb691a85e954cdd,2012-01,Merseyside Police,Merseyside Police,-2.979950,53.404583,On or near Shopping Area,E01033756,Liverpool 061C,Offender sent to prison
4d702f73deeb1c7d1c10d5ac3f73b4caf2c5d554c74fbbd7cc829ae3447c3bd7,2012-01,Merseyside Police,Merseyside Police,-2.930114,53.441719,On or near BROADWAY,E01006603,Liverpool 011B,Offender fined
33e776046df18ad3918c544677de2939365b65d7a71d276d0482ae5fa061d663,2012-01,Merseyside Police,Merseyside Police,-3.028750,53.389143,On or near Supermarket,E01007128,Wirral 016C,Offender fined
ef40856f868954dfe8c04ce2f7de7a2cf6d5044fd0bbf7dc2ec1513d5a36e5a7,2012-01,Merseyside Police,Merseyside Police,-2.878420,53.434668,On or near MAB LANE,E01006645,Liverpool 017E,Offender fined
97529e99bc336c4766fb6d8da5601ea1042e485580c19eaa876dd97d88c8bbfb,2012-01,Merseyside Police,Merseyside Police,-2.938909,53.437084,On or near CARLISLE CLOSE,E01006616,Liverpool 015D,Court case unable to proceed
565255f957a66ccd6cd48a9642e741b659617ada2922b96aac48152a8d2fca1c,2012-01,Merseyside Police,Merseyside Police,-3.013690,53.393218,On or near MORTIMER STREET,E01007126,Wirral 016A,Offender sent to prison
2b329314b9897fec9e002f7b4414d9b8faf31dd1f17e4072587d1344e2f3609e,2012-01,Merseyside Police,Merseyside Police,-2.971824,53.631750,On or near Supermarket,E01006999,Sefton 008C,Offender fined
6c1fd17b47f72f78c2b424ed46bf96333f3178f0628c3065c1c8dae3ec25538e,2012-01,Merseyside Police,Merseyside Police,-2.981888,53.405771,On or near Shopping Area,E01033760,Liverpool 060C,Offender fined
5144c35dd7e740ae0199c9dba136430f97c7673cea9d8edcc97bcd0fba09b483,2012-01,Merseyside Police,Merseyside Police,-2.914422,53.468114,On or near Supermarket,E01006510,Knowsley 004F,Offender otherwise dealt with
8aa7ff261bbaf6407f0647ba34800465b4d9e1fd938200eaf5e83cfd967ce81a,2012-01,Merseyside Police,Merseyside Police,-2.860308,53.421811,On or near PRINCESS DRIVE,E01006453,Knowsley 008A,Offender given conditional discharge
dbea08ebbd93bdf4a6c64d143956824b0dfa61e8891e08d79944ce365d5d7f0e,2012-01,Merseyside Police,Merseyside Police,-2.969142,53.391008,On or near UPPER WARWICK STREET,E01006518,Liverpool 044A,Offender given suspended prison sentence
cb9a94ba4b8f216bb3f73ad2a7d2df847dd58d43c010cd2735925c85c22b73cc,2012-01,Merseyside Police,Merseyside Police,-2.981150,53.459315,On or near CULLEN AVENUE,E01007019,Sefton 035A,Offender given suspended prison sentence
69029496dfe89d5cea04d8b01d7cdd1077005bb7616bbb67a66f1cedff2c4123,2012-01,Merseyside Police,Merseyside Police,-2.737771,53.453813,On or near Shopping Area,E01006872,St. Helens 014C,Offender fined
f69bffe8f6d44c6838e1c227abf43e8a2e70f8cd0a3cb84cde42bd01843a747b,2012-01,Merseyside Police,Merseyside Police,-2.936573,53.449246,On or near ARDVILLE ROAD,E01032510,Liverpool 008F,Offender fined
10661c8a95a9eb7d2ff3988bd5abba2d35f14368956267adb0566560d8d2dc3b,2012-01,Merseyside Police,Merseyside Police,-2.950186,53.385192,On or near ALBERT PARK,E01006520,Liverpool 043A,Offender given suspended prison sentence
492c8a1f7e2e477df5826ba40f2c46ff5d56b5e92189680e1d89eb8be35810ec,2012-01,Merseyside Police,Merseyside Police,-2.882848,53.479795,On or near RUSHEY HEY ROAD,E01006436,Knowsley 003C,Offender given absolute discharge
62dc2ede68ef10bd9346b5f048f348c04c46636614162f1a7b7a53e523a4c153,2012-01,Merseyside Police,Merseyside Police,-3.048836,53.414110,On or near RUSKIN AVENUE,E01007212,Wirral 007A,Offender given community sentence
02d76ad528067c71caa10bd0d00c3ff36d28eeaff315a3ae8f366364f32544cd,2012-01,Merseyside Police,Merseyside Police,-3.006598,53.623130,On or near LYNDHURST ROAD,E01006929,Sefton 010A,Offender given community sentence
716a604b2d0b90e49752acfb1fc2c83d264a0b2b2147472106be7b7c01a2bb08,2012-01,Merseyside Police,Merseyside Police,-3.038053,53.382176,On or near LABURNUM ROAD,E01007244,Wirral 022E,Offender given community sentence
06210ae9aa1fe8da404fd257ea489afbd89225ddc30d07d5c7d0c49962fea85e,2012-01,Merseyside Police,Merseyside Police,-2.987682,53.653525,On or near PARK ROAD,E01006944,Sefton 003A,Offender fined
0621b507563270401aa030c9ae43f886c32f370f27eeee9dcef48333078bea55,2012-01,Merseyside Police,Merseyside Police,-2.928397,53.451332,On or near COLESHILL ROAD,E01006735,Liverpool 005D,Offender given community sentence
6f4caa68b6d0315df532160716696277baa5fd43fea3b2f309e2851493767a7a,2012-01,Merseyside Police,Merseyside Police,-2.960999,53.388638,On or near WELLINGTON TERRACE,E01006677,Liverpool 043D,Offender given community sentence
b0ffd48d28ad970bff7967b5f26ea10d5f3739329839e2a4355eeb527ee026ce,2012-01,Merseyside Police,Merseyside Police,-2.746134,53.450704,On or near MANNING STREET,E01006834,St. Helens 012B,Offender fined
dfdf2450049eae3554905c3875ceee93921a363997ba028745aed0c58272cc7d,2012-01,Merseyside Police,Merseyside Police,-2.973826,53.444651,On or near BELLAMY ROAD,E01006698,Liverpool 012D,Offender given community sentence
b6488a500764486db5dc34165c76787208c28bb62a898e2e4d0d48724c805c78,2012-01,Merseyside Police,Merseyside Police,-2.854408,53.348198,On or near RYCOT ROAD,E01006741,Liverpool 058C,Offender fined
f619f61f02da4f28e617bf8f9495ceb1ef7f55543c8972b7102f736b84ec2a9c,2012-01,Merseyside Police,Merseyside Police,-2.998274,53.416251,On or near OIL STREET,E01033751,Liverpool 062A,Offender fined
645970f6271aeeaa48ce3a9842e7c039ad19b70a1b7c7f533070f3c002be1348,2012-01,Merseyside Police,Merseyside Police,-3.025876,53.390947,On or near CLAUGHTON ROAD,E01007128,Wirral 016C,Offender sent to prison
f81a03387c82fff287c30b0ddda6d1ebae41303a068ff219f8ed402e68f8a7fc,2012-01,Merseyside Police,Merseyside Police,-2.967005,53.402189,On or near MULBERRY STREET,E01006512,Liverpool 031A,Offender given conditional discharge
d503fc2f7a6d3632653226692dde31fcd254fc5d997e66bf93ab7bf25280f7a9,2012-01,Merseyside Police,Merseyside Police,-3.111222,53.375702,On or near DINGWALL DRIVE,E01007266,Wirral 023D,Offender sent to prison
ffca9b9a060be511b37d202adb915de5bbefcb8b1656ea8d2c7ad09669621944,2012-01,Merseyside Police,Merseyside Police,-2.978793,53.431496,On or near FOLEY STREET,E01033764,Liverpool 022E,Offender given community sentence
dab6f09ba80e01c11c8414426c6be50f1206eb37f00c4b4178584ee79fd42594,2012-01,Merseyside Police,Merseyside Police,-2.778959,53.458818,On or near THE CLOSE,E01006823,St. Helens 009B,Offender sent to prison
114b95a493c583a7029201534c8b83e704585f976d2b40479e2e33cd30ff5f1a,2012-01,Merseyside Police,Merseyside Police,-3.113720,53.393108,On or near BURRELL DRIVE,E01007226,Wirral 017B,Offender given conditional discharge
ae716986a48c7684499a7464ff4829d45fdb811bb791ff316bb96ea6749fed93,2012-01,Merseyside Police,Merseyside Police,-2.991885,53.461078,On or near HALSALL ROAD,E01007012,Sefton 036D,Offender fined
4a84bf53c0cdeb4c53cbf865b8d6b5c8c94ff5ee31d2e93182a07d7420db4a7f,2012-01,Merseyside Police,Merseyside Police,-2.761089,53.451680,On or near SWALLOW COURT,E01006833,St. Helens 016B,Offender fined
6018f842cd87af5fa1d06a4a45b329a50b48df84ec826fd394bc8b4197faa89b,2012-01,Merseyside Police,Merseyside Police,-2.970209,53.410137,On or near BAYHORSE LANE,E01033758,Liverpool 060B,Offender sent to prison
97d10239a28953c110f42e4a367d1d5963e6011d10c60cf601aa2484b57f23f0,2012-01,Merseyside Police,Merseyside Police,-3.035666,53.419466,On or near OXFORD ROAD,E01007218,Wirral 002A,Offender given community sentence
6df839fefcc997d416637222762e215813bac2b111c82ad559c47ad151c7e49d,2012-01,Merseyside Police,Merseyside Police,-3.038747,53.389658,On or near HAWARDEN AVENUE,E01007129,Wirral 016D,Offender fined
0a2e42e1348b2b7717ebda4621317e3d2405f40cd57ecc71ba8cfe1b3fceb963,2012-01,Merseyside Police,Merseyside Police,-2.962381,53.395935,On or near Sports/Recreation Area,E01006673,Liverpool 037D,Offender sent to prison
71781d2d656ae50664b7f774d8e1cdd4f030124f442d61f6b87a3a4fec640a5e,2012-01,Merseyside Police,Merseyside Police,-3.033678,53.389594,On or near BENTINCK PLACE,E01007127,Wirral 016B,Offender given absolute discharge
a50bb3d96098478114ded68f8b2442b3d159ade1eef39c645dbcf3000312849d,2012-01,Merseyside Police,Merseyside Police,-2.968771,53.390579,On or near PICKWICK STREET,E01006518,Liverpool 044A,Offender fined
4bd1b3639e81990f879f5523e8ed2ea1986cdd5af99f36755310f2302f785a65,2012-01,Merseyside Police,Merseyside Police,-2.947753,53.421185,On or near BELMONT ROAD,E01006760,Liverpool 028E,Offender sent to prison
9438681351a7c4d56a928ae5931d7c4c0cd52b5d9148231456f659b6db7c9624,2012-01,Merseyside Police,Merseyside Police,-2.949340,53.412057,On or near KENSINGTON,E01006696,Liverpool 030C,Offender fined
8999aba669dda93af44e3fb8d6ab2be70d34639eafa1fb9ab276ef9c67927628,2012-01,Merseyside Police,Merseyside Police,-2.942838,53.448648,On or near BLACKTHORNE ROAD,E01006613,Liverpool 009D,Offender sent to prison
768ba5314d4d427b8a908a06e2db18760a3f85f0c3d1beb538408531717dc08e,2012-01,Merseyside Police,Merseyside Police,-3.013690,53.393218,On or near MORTIMER STREET,E01007126,Wirral 016A,Offender given community sentence
d464ec837f73d852d9999128433d9fdc752045a6164cd8e75bab6c4f1aadb5bd,2012-01,Merseyside Police,Merseyside Police,-3.026466,53.412318,On or near POULTON ROAD,E01007278,Wirral 008E,Offender given community sentence
fcc40589d20b392b39beca06a4eefdb1ef01354d1c92180d82ced676d8dfbfea,2012-01,Merseyside Police,Merseyside Police,-3.032395,53.421723,On or near Supermarket,E01007215,Wirral 005A,Offender fined
7d0df30fe4541392341c0c1bf683dffa9a37a136decbcdd9cb11b1b264b70ed3,2012-01,Merseyside Police,Merseyside Police,-2.968751,53.447938,On or near BREEZE CLOSE,E01006790,Liverpool 006C,Offender fined
5299327b50c5082a109608a17a756a4afcb0a5614aadc8d707734f21dc5d845b,2012-01,Merseyside Police,Merseyside Police,-3.023155,53.490577,On or near LUNE STREET,E01007105,Sefton 025C,Offender given conditional discharge
d7ff7286bde07fa39f4fe1989029a8a0b70e1114a58ce7be1c531826743b75d1,2012-01,Merseyside Police,Merseyside Police,-2.958897,53.428898,On or near HOULDING STREET,E01006546,Liverpool 019B,Offender fined
3c023679804eb758c5195b07327e23cef42e913df1288732ae093373e959e553,2012-01,Merseyside Police,Merseyside Police,-2.711644,53.462879,On or near PENDLE AVENUE,E01006812,St. Helens 008C,Offender given conditional discharge
87d72a713e49e588fd00d39087d85f98e3e0078f2ee2d7d06d9f316d0abf3dff,2012-01,Merseyside Police,Merseyside Police,-2.946698,53.429894,On or near BISHOP ROAD,E01006766,Liverpool 019E,Offender given absolute discharge
ee9319e1bbda246af91d2d4ed783601cc502a2baccf7a4697b4a3dc9f7b50657,2012-01,Merseyside Police,Merseyside Police,-2.969155,53.439871,On or near ANDREW STREET,E01006611,Liverpool 012A,Offender sent to prison
c8c7963a6e910ad942535609930ac135a9c93b5acf64f589555015b28c77f9be,2012-01,Merseyside Police,Merseyside Police,-3.025276,53.477911,On or near NORMA ROAD,E01006956,Sefton 030B,Offender sent to prison
19a040c3cef863282296d7b4de0233cc0629bcabcaf1025636c8a0bf191b3b44,2012-01,Merseyside Police,Merseyside Police,-2.857256,53.347108,On or near GERNETH CLOSE,E01006739,Liverpool 058B,Offender sent to prison
d04db8fd4f8f572d333eaacc61e35aed86659f07cc40beff3bb8594423162d17,2012-01,Merseyside Police,Merseyside Police,-2.934996,53.434364,On or near HUXLEY STREET,E01006606,Liverpool 020A,Offender fined
96e18d3f04a6aa8a34608df6fb2d52fd5e57b8c18bca506d6037bbcf96149e34,2012-01,Merseyside Police,Merseyside Police,-2.911616,53.413106,On or near AYLESFORD ROAD,E01006573,Liverpool 029C,Offender sent to prison
ab822440f0c1e300b86847b96611fe9710bc6fae4805ffa64f3bc0cc37a925c9,2012-01,Merseyside Police,Merseyside Police,-2.804687,53.431133,On or near EATON STREET,E01006463,Knowsley 007C,Offender sent to prison
7d85648aa8801c88123cb4a76bc1a8dc7414cf7565ebdb06e52e68ede2cdf553,2012-01,Merseyside Police,Merseyside Police,-2.936080,53.423425,On or near Police Station,E01006761,Liverpool 020B,Offender given community sentence
7174656a5eb9a0df63c7c986e16791d29a1207ad48e9228d88ca3f3eed06abfc,2012-01,Merseyside Police,Merseyside Police,-2.950292,53.391995,On or near SEACOLE CLOSE,E01006674,Liverpool 039C,Offender given conditional discharge
ebeff157457d47867a213239f589a371f677e42ea45acdc9d9667d5f1c27bb31,2012-01,Merseyside Police,Merseyside Police,-2.854308,53.421260,On or near CARTMEL ROAD,E01006470,Knowsley 008E,Offender sent to prison
a29d833df078ddddfcbbe5585f0dcfc5483d7fa57dc5a4f128ecd69c68f40f1b,2012-01,Merseyside Police,Merseyside Police,-2.932672,53.445106,On or near STRAWBERRY ROAD,E01006732,Liverpool 011E,Offender given conditional discharge
9ee47841ef6b5c25b526b7fa0cf379801e3ac5991057a33736d1cdbbf07ef2d8,2012-01,Merseyside Police,Merseyside Police,-3.042887,53.397847,On or near MORLEY AVENUE,E01032903,Wirral 010F,Offender fined
9a7b885698fdc2c68a278a95fba22237d3b7a266e17ec9227b7a095b626d966f,2012-01,Merseyside Police,Merseyside Police,-2.961358,53.411233,On or near HOLBORN STREET,E01006747,Liverpool 031B,Court case unable to proceed
d2d948afa00d8c396df2df337e900522ef42e889ede127a1f92def336ecd10ca,2012-01,Merseyside Police,Merseyside Police,-2.967366,53.650393,On or near OLD PARK LANE,E01007057,Sefton 005C,Offender given conditional discharge
64da141f7dfb626abaa98518827d24db1d60f3904919c75f2ab56ece65828a75,2012-01,Merseyside Police,Merseyside Police,-3.050746,53.381715,On or near DUNCOTE CLOSE,E01007242,Wirral 020E,Offender sent to prison
7feb9a1247e70b169641a0c56e97773e273ffb5975716260493325df53d78e33,2012-01,Merseyside Police,Merseyside Police,-2.760115,53.452738,On or near THE FEATHERS,E01006833,St. Helens 016B,Court case unable to proceed
db1c8c786f1c6c15280f7332a6b74b7e6819e8ebc1a4243406f97adcfb503ef9,2012-01,Merseyside Police,Merseyside Police,-2.864274,53.381413,On or near GLENVILLE CLOSE,E01006794,Liverpool 046B,Offender sent to prison
672f358859e1e533edb34158c2fb90de8a1941ca94596f0ad67d400a006a74a1,2012-01,Merseyside Police,Merseyside Police,-2.955090,53.409503,On or near LEOPOLD ROAD,E01006748,Liverpool 031C,Offender given community sentence
3d26125c61513c09d0b5287bde313f048f44110a3d159a35032a73aa34364b2c,2012-01,Merseyside Police,Merseyside Police,-2.711935,53.442455,On or near Petrol Station,E01006845,St. Helens 014A,Offender sent to prison
7b4695b114c319d49fa28c3ab34acccc7c788702606420ace3de283406967575,2012-01,Merseyside Police,Merseyside Police,-2.928009,53.398328,On or near FAIRBANK STREET,E01006721,Liverpool 038C,Offender given community sentence
177e79d942d3ca1f1656486081f55681ca0363dbd5687b2a13c05cec51acbecc,2012-01,Merseyside Police,Merseyside Police,-2.964809,53.409497,On or near Hospital,E01006747,Liverpool 031B,Offender otherwise dealt with
6369f29fe6a41ac36021118ddec71864e553fa0bd4d78451285a087a3df7657f,2012-01,Merseyside Police,Merseyside Police,-3.025876,53.390947,On or near CLAUGHTON ROAD,E01007128,Wirral 016C,Offender given community sentence
6782eda774a117c3a31373b647e8829a940df8a24021447bb88135e1c386d4c1,2012-01,Merseyside Police,Merseyside Police,-2.983395,53.461301,On or near HANLON AVENUE,E01007019,Sefton 035A,Court case unable to proceed
96fcd5ed79d6435c17043c3f8c246db65e9d68879f5a39a8425bc0a83f7dcc6c,2012-01,Merseyside Police,Merseyside Police,-3.115721,53.400047,On or near Supermarket,E01007221,Wirral 012B,Offender fined
aa5ab65a12dac88a52632ceab00028794004f6190b26bcc2585aeef6d3f77a2e,2012-01,Merseyside Police,Merseyside Police,-2.939015,53.424103,On or near CLIFTON ROAD,E01006760,Liverpool 028E,Offender sent to prison
fccfa1168f909301bdf00607964adfa5e36321b6f60987173e756a2160eeebb6,2012-01,Merseyside Police,Merseyside Police,-2.989544,53.453682,On or near ASH STREET,E01006964,Sefton 036A,Offender given conditional discharge
f64c1676484592a17b505c11751cbfaabd3e5bdf3cc7dc043a822deb1a9708f1,2012-01,Merseyside Police,Merseyside Police,-2.839670,53.410758,On or near Supermarket,E01006474,Knowsley 016C,Offender given absolute discharge
95c8e03862fe89f751ddffffff141097f186124f9f580ee4b25d366e8e5642fe,2012-01,Merseyside Police,Merseyside Police,-2.964809,53.409497,On or near Hospital,E01006747,Liverpool 031B,Offender sent to prison
2a33b5a4d0eba39cc3874ce7822e02e0b94c65c39dcecc86342c55670e7e14e2,2012-01,Merseyside Police,Merseyside Police,-3.047934,53.441040,On or near KING'S PARADE,E01007230,Wirral 001B,Offender given community sentence
472af7891b9074bee566e11b76bedaa76940de31b3f7e7496c80f2e586d0c368,2012-01,Merseyside Police,Merseyside Police,-2.992026,53.451657,On or near Shopping Area,E01007009,Sefton 037D,Offender fined
7b7fb2d42bb80e4c3759aa3381a85937c3db22c7b314169d41a7e19a3f87b150,2012-01,Merseyside Police,Merseyside Police,-3.043246,53.437719,On or near Supermarket,E01007238,Wirral 001E,Offender given community sentence
390857b07365b8353f9dbbbe4f41eaa7d33675d2aceb28ed127df8b3cc197498,2012-01,Merseyside Police,Merseyside Police,-2.983077,53.404521,On or near OLD POST OFFICE PLACE,E01033756,Liverpool 061C,Offender given conditional discharge
4276811aedac2c7f1098cdfbd32d4d352ee21745b872f247b9b2fa6725abfcea,2012-01,Merseyside Police,Merseyside Police,-2.734840,53.452401,On or near Shopping Area,E01006872,St. Helens 014C,Offender given conditional discharge
78eed50950f6b2cb6969377c1df2470cdcc0cecf801f44586e42bea374612337,2012-01,Merseyside Police,Merseyside Police,-2.939990,53.442388,On or near Supermarket,E01006612,Liverpool 008B,Offender given community sentence
4d1c7f86de0efda0d31531465bb4293c2c3b25889b15232b3329f45a78396983,2012-01,Merseyside Police,Merseyside Police,-2.936706,53.450503,On or near STOPGATE LANE,E01032510,Liverpool 008F,Offender sent to prison
9216f677e6728545a5ea0cb976150001187af7754dab5ec357902391429fc7a7,2012-01,Merseyside Police,Merseyside Police,-3.037945,53.481487,On or near MERSEY VIEW,E01006941,Sefton 028A,Offender given conditional discharge
efa4b10f09db3a5198a9908a03016f7e7c9c8160415f69529cb7c67f727d82e0,2012-01,Merseyside Police,Merseyside Police,-2.721842,53.451393,On or near LANGTREE STREET,E01006872,St. Helens 014C,Offender fined
9f9f159b2688c155e37f8a799640f10522b76462e95ea8d42b80f78c3a30c6b1,2012-01,Merseyside Police,Merseyside Police,-2.944894,53.422529,On or near DENTON GROVE,E01006540,Liverpool 024A,Offender fined
d9ec84ac773c58a2076387520779f4fae5aebed2b0eb6101f80f7805ea17f770,2012-01,Merseyside Police,Merseyside Police,-2.993981,53.459910,On or near STANLEY ROAD,E01007012,Sefton 036D,Offender fined
01a1c5c286c5aff536cf0fbde47b84eeb03212f24186b7c2140ed94b0cc90384,2012-01,Merseyside Police,Merseyside Police,-2.895224,53.347494,On or near LINCOLN STREET,E01006740,Liverpool 057A,Offender sent to prison
2d203fe926885c3a195c2d4f74cc1f8e43be76cf37d6781057330dcedd71e8ab,2012-01,Merseyside Police,Merseyside Police,-2.983931,53.448659,On or near HAWTHORNE ROAD,E01006967,Sefton 037A,Offender fined
5ee232a91d34abf460ad4aff68d70cc335d22a5fc8fb17bacd34ab3ac29fed7b,2012-01,Merseyside Police,Merseyside Police,-2.982401,53.404563,On or near BROOKS ALLEY,E01033756,Liverpool 061C,Offender sent to prison
c26e8cc90a59975badb88ae1aa311356b6ddde4c99fe365e2130cc087f8277db,2012-01,Merseyside Police,Merseyside Police,-2.967873,53.448358,On or near YORK STREET,E01006790,Liverpool 006C,Offender sent to prison
078116996087cd6d3e0680499ca896b1738038041d2e79ba29ddf00276677182,2012-01,Merseyside Police,Merseyside Police,-3.001686,53.456421,On or near SHELLEY STREET,E01007008,Sefton 037C,Offender fined
e7a14cb24f21ff1f428f6bafabe70519815967ddc8cf10eb2b419dccb661da85,2012-01,Merseyside Police,Merseyside Police,-2.772728,53.459902,On or near ANSDELL DRIVE,E01006822,St. Helens 009A,Offender sent to prison
f3235a0749b906187e44b97322b88b779a077987dbe84b048d21ae1caf3af1d1,2012-01,Merseyside Police,Merseyside Police,-2.734840,53.452401,On or near Shopping Area,E01006872,St. Helens 014C,Offender given community sentence
17c204ff6008265366b9271c55850f1c7c43d9d2ac3cb89bb208cd3c593cf2eb,2012-01,Merseyside Police,Merseyside Police,-2.969093,53.441778,On or near LOWELL STREET,E01006611,Liverpool 012A,Offender fined
98a15d389f46518428333837e69037eb2783554fca1d91da99fd4f6aaa0b93da,2012-01,Merseyside Police,Merseyside Police,-3.060106,53.403233,On or near Supermarket,E01007122,Wirral 011C,Offender given community sentence
68803f2dfd4133676a52ba37b01f1eed9972078a204eea23397b1897bb2ddd01,2012-01,Merseyside Police,Merseyside Police,-2.888082,53.483621,On or near Parking Area,E01006437,Knowsley 003D,Offender fined
e7bd2c1c4877dcab91aed84b047ea7e2204fb47ea6fa6851af6046c70e861491,2012-01,Merseyside Police,Merseyside Police,-2.955665,53.416348,On or near Pedestrian Subway,E01006694,Liverpool 030B,Offender fined
ba6c940aa7acc6efe2dd539a0b10ad72253c35e67772170195ab8d025cedd2f5,2012-01,Merseyside Police,Merseyside Police,-3.041379,53.422346,On or near WIMBLEDON STREET,E01007216,Wirral 005B,Offender fined
5ca95b2990b59738d7278899326ef81e1754eb587feb34f54f0266d8bce9c411,2012-01,Merseyside Police,Merseyside Police,-3.049646,53.398723,On or near MALLABY STREET,E01032903,Wirral 010F,Offender sent to prison
936d5f6551b1bf184913ee51ee8716d0e66699e2111ab0f8fb8729ddec396243,2012-01,Merseyside Police,Merseyside Police,-2.972611,53.400031,On or near MOUNT STREET,E01006514,Liverpool 037A,Offender sent to prison
c5230ff88f2f9a0eb28c67a08bba7304689e3228daf67cac322610a1d70cda73,2012-01,Merseyside Police,Merseyside Police,-3.020261,53.390078,On or near OLIVER LANE,E01007126,Wirral 016A,Offender sent to prison
54b22481b1414671f41cf57d1223aed7eb9093e0314a59a329f04246e2c56e65,2012-01,Merseyside Police,Merseyside Police,-2.908248,53.414615,On or near BADEN ROAD,E01006713,Liverpool 029E,Offender given conditional discharge
f03e63e2dd9696bb429a929a70d6e506e55442187d50da4fb1b034f800b12b72,2012-01,Merseyside Police,Merseyside Police,-2.973606,53.449516,On or near STUART ROAD NORTH,E01006790,Liverpool 006C,Offender given community sentence
f131c76cea89c2a78888e89c99e71f3c3246aa24e65296c2a069bda7c778badd,2012-01,Merseyside Police,Merseyside Police,-3.028750,53.389143,On or near Supermarket,E01007128,Wirral 016C,Court case unable to proceed
30241bbf02ff552da5267cb39edd0e36fafe7353d0cadd002c9a4023c0c6604b,2012-01,Merseyside Police,Merseyside Police,-3.114686,53.396695,On or near WOODSIDE AVENUE,E01007226,Wirral 017B,Offender given community sentence
034f87c16422d73eb8e8b16928941cf500573fc91542c8d909ee7e92c8f5a76c,2012-01,Merseyside Police,Merseyside Police,-2.890499,53.493275,On or near APPLEBY ROAD,E01006495,Knowsley 001E,Defendant found not guilty
9602131ccbd26e2a946e9f91d5f4fb62834e0e6b6d41d3e7e14df980e628c6c2,2012-01,Merseyside Police,Merseyside Police,-2.964659,53.390927,On or near GERAINT STREET,E01006676,Liverpool 044D,Offender fined
b1805ad0edcc906ca5f14a6a3744a1793266290b522ffd6ac3e9811cc3220bef,2012-01,Merseyside Police,Merseyside Police,-2.737771,53.453813,On or near Shopping Area,E01006872,St. Helens 014C,Offender given community sentence
3f0e8609afb2ea38e0354401a7a183456a68626a4ef9c13ac1afa1e7078d3b51,2012-01,Merseyside Police,Merseyside Police,-2.988869,53.407143,On or near PRINCES STREET,E01033760,Liverpool 060C,Offender sent to prison
35a4dacaee330237ecac680909aef87422ff42cb77f445c787eb9ce852706702,2012-01,Merseyside Police,Merseyside Police,-3.032865,53.385853,On or near CARNFORTH CLOSE,E01007239,Wirral 022C,Offender given conditional discharge
056ddee98ece3f64d7021e5f767ff4867c8f714a834b751a9ad3a04e79f3d178,2012-01,Merseyside Police,Merseyside Police,-3.101970,53.381846,On or near DORCHESTER CLOSE,E01007301,Wirral 018C,Offender fined
7981228253b502f99de10b922f18e6c5b36eb633997ef9b5cdd99a93a4800e9a,2012-01,Merseyside Police,Merseyside Police,-3.038891,53.377693,On or near NURSERY CLOSE,E01007243,Wirral 022D,Offender given community sentence
49039100151a25a2295eabbbc83f13c75d236685a4e82aab3484e99c52c18928,2012-01,Merseyside Police,Merseyside Police,-3.184755,53.369080,On or near SHREWSBURY ROAD,E01007198,Wirral 026C,Offender given conditional discharge
43ef00878f0928558684b1d2533d354f73c8b5eeeb49eb047f9470fdb3e6159f,2012-01,Merseyside Police,Merseyside Police,-2.939270,53.398150,On or near CRANBORNE ROAD,E01006720,Liverpool 035A,Offender fined
c376eb2dc59cab193ea07bb77fa1f70671b61853e960db4c043fddd10e3194a5,2012-01,Merseyside Police,Merseyside Police,-2.734840,53.452401,On or near Shopping Area,E01006872,St. Helens 014C,Offender sent to prison
8a093acc00747fba06ef732c30167a59d52df9c08b2592954d7203283cb62716,2012-01,Merseyside Police,Merseyside Police,-2.992330,53.485344,On or near HAMPSHIRE AVENUE,E01007089,Sefton 024E,Court case unable to proceed
d3a9eabc67db56fcbd0e313f458135f1980cad95015bdd9a65ad0608494a55f6,2012-01,Merseyside Police,Merseyside Police,-2.933779,53.424189,On or near Pedestrian Subway,E01006761,Liverpool 020B,Offender fined
d1fb5bd091b3f278ecc0091d9f6a6015debefdc4954de09f472380121330275a,2012-01,Merseyside Police,Merseyside Police,-2.979358,53.403024,On or near Nightclub,E01033756,Liverpool 061C,Offender sent to prison
06d811f48224ff1e9e009f36a22f3ddb3a262a8b446c653a4cfcd0ed43be3d9e,2012-01,Merseyside Police,Merseyside Police,-2.953731,53.413308,On or near GEORGE HARRISON CLOSE,E01006696,Liverpool 030C,Offender fined
1c5b48412d5d54fb463a3581aadb327401f9ee3966751802549d44a2092a66bc,2012-01,Merseyside Police,Merseyside Police,-2.973808,53.432696,On or near FURNESS STREET,E01006703,Liverpool 014D,Offender given community sentence
1aa2a2c6cf3847fc6b0f19f2255c1772a7ff1f7d30d7167a169d3c7149105a3e,2012-01,Merseyside Police,Merseyside Police,-2.853020,53.414798,On or near FRESHFIELD CLOSE,E01006451,Knowsley 012C,Offender fined
4457440891aba1f49876a8bb0db2aaaf1a8e9da393116239554a0445d0245bc0,2012-01,Merseyside Police,Merseyside Police,-2.863647,53.420996,On or near Supermarket,E01006453,Knowsley 008A,Offender fined
6e7524f65a3705d6eed70d7e6251c3683748c1912c1847afe8d21e3d6c5b05b1,2012-01,Merseyside Police,Merseyside Police,-2.859356,53.390995,On or near Shopping Area,E01006771,Liverpool 040D,Offender given community sentence
6e4ec282fa367242bbd5e2f961bb7bd44eacd768e36d180e4d11497f44d58944,2012-01,Merseyside Police,Merseyside Police,-2.983495,53.405686,On or near Shopping Area,E01033760,Liverpool 060C,Offender fined
cdfa4759a327a5944ce980f9d0e692b1323cce82de03b163a80cd3db701569a6,2012-01,Merseyside Police,Merseyside Police,-2.965271,53.400702,On or near MYRTLE PARADE,E01006512,Liverpool 031A,Offender sent to prison
5ebe79595481001ecc927ce9754c040e48b99703175d342e91ac9ce47a26e0b6,2012-01,Merseyside Police,Merseyside Police,-3.025876,53.390947,On or near CLAUGHTON ROAD,E01007128,Wirral 016C,Offender sent to prison
16131aae3a7275fa1dcf81daceca83d9ee4ac7145d0ee6927aa6dcaffaa177cd,2012-01,Merseyside Police,Merseyside Police,-3.003546,53.650014,On or near Shopping Area,E01033094,Sefton 004F,Offender fined
4f9988ab6254224ae07d8be50d4def6d8e618fe2c3b7a06266e635a0916af0d1,2012-01,Merseyside Police,Merseyside Police,-2.990899,53.405796,On or near Supermarket,E01033752,Liverpool 062B,Offender sent to prison
957bf8bc00bbd4f6acb64078e4f09737b6489d04fbf70a62803c6128a46002db,2012-01,Merseyside Police,Merseyside Police,-3.026466,53.412318,On or near POULTON ROAD,E01007278,Wirral 008E,Offender sent to prison
11026be85fc9761726c2deb67ea68c1985b1ff217ac952d89995f03a665df844,2012-01,Merseyside Police,Merseyside Police,-2.758367,53.441702,On or near WHITTLE STREET,E01006831,St. Helens 016A,Offender given community sentence
bec72e88515182920797b932a4231997330468a5a1c950ffb8fb1d9093031050,2012-01,Merseyside Police,Merseyside Police,-2.967719,53.437609,On or near GOODISON ROAD,E01006703,Liverpool 014D,Offender given community sentence
6c38536b5d2a13da9aff13d1870715cc62ffaae99cc760c9e2e5f9f11c4f56fe,2012-01,Merseyside Police,Merseyside Police,-2.738101,53.456363,On or near Parking Area,E01006877,St. Helens 012C,Offender fined
2738ac3d2a59fd040200adf6af5682db40c524f0e9e936d37bc806ef62e8bb51,2012-01,Merseyside Police,Merseyside Police,-2.729893,53.450185,On or near Shopping Area,E01006912,St. Helens 019G,Offender otherwise dealt with
a1755bc68988719802ccf2ae4a9b7b8de52894f1226d1db85ad711e17e06bec4,2012-01,Merseyside Police,Merseyside Police,-2.961358,53.411233,On or near HOLBORN STREET,E01006747,Liverpool 031B,Offender given community sentence
1f1bf4e97b24b4bc12d96c31dede2a0c1e0d07867e392e95d73abe5e942c969b,2012-01,Merseyside Police,Merseyside Police,-3.028750,53.389143,On or near Supermarket,E01007128,Wirral 016C,Offender given community sentence
5eb1ce98738fd593e283ebda6d0ca34314c647ab3159b3220c45a3ec05c2c571,2012-01,Merseyside Police,Merseyside Police,-2.945110,53.392243,On or near MAPLE GROVE,E01006552,Liverpool 039A,Offender fined
41137d4eeda02d82d087e0494f7f1e4c09418381b1e1e85ef741db003f447d21,2012-01,Merseyside Police,Merseyside Police,-2.928234,53.441095,On or near Supermarket,E01033759,Liverpool 010F,Offender sent to prison
c4487732d2f0c917101871c3de8819a027b7016acfd473f40a5c2f414ba4740a,2012-01,Merseyside Police,Merseyside Police,-2.734840,53.452401,On or near Shopping Area,E01006872,St. Helens 014C,Offender given suspended prison sentence
2341d8e3219413de4439fb143123b49ba982189651611c82758a9aa4a5cbbc41,2012-01,Merseyside Police,Merseyside Police,-2.961358,53.411233,On or near HOLBORN STREET,E01006747,Liverpool 031B,Offender given conditional discharge
bab0eb05fad21bcd97edb059b955476493ed8fe8292d8c5ed3744466f49fa6f3,2012-01,Merseyside Police,Merseyside Police,-3.043368,53.401537,On or near CORPORATION ROAD,E01032903,Wirral 010F,Offender sent to prison
ff293cb854b9174c283a7d8b8150f70a59d57180a57565d94a84d4b1d36c4e76,2012-01,Merseyside Police,Merseyside Police,-3.048021,53.410935,On or near SHERLOCK LANE,E01007270,Wirral 010D,Offender given community sentence
d6a3b93604bbd6becf503f15d9c50d96550cd58fcfa0037e4ef39ed37401c2a2,2012-01,Merseyside Police,Merseyside Police,-2.965490,53.455497,On or near THE CLOSE,E01006787,Liverpool 006A,Offender fined
e541596b22b0125a363ae1b8ad909f31322ab65f15d4cfca223279ed29bef27a,2012-01,Merseyside Police,Merseyside Police,-2.963615,53.437876,On or near PRIORY ROAD,E01006615,Liverpool 012C,Offender deprived of property
66452066d3f81eec35b9485d144eb0e70802438ad190785305c047a8ae4eb42f,2012-01,Merseyside Police,Merseyside Police,-3.095464,53.370840,On or near Hospital,E01007251,Wirral 025B,Offender sent to prison
f9617b1be5a9f1a49c7292570312cdedef7b6041d98fc81a942c431b58a3f591,2012-01,Merseyside Police,Merseyside Police,-2.992026,53.451657,On or near Shopping Area,E01007009,Sefton 037D,Offender given community sentence
6244442235c77e8466c8941f4486853dc491f413c8d998bbbcac3c69e6009419,2012-01,Merseyside Police,Merseyside Police,-3.044548,53.419029,On or near Shopping Area,E01007214,Wirral 007C,Offender given conditional discharge
6d3e5ab4d65230796eed3d4c1104eb512eca68d9e0d04d80e0c348c7f258ffb0,2012-01,Merseyside Police,Merseyside Police,-2.895886,53.474232,On or near LONGFELLOW CLOSE,E01006415,Knowsley 003A,Offender given conditional discharge
